Question,Answer
What are the different types of pozzolanic materials mentioned in the text?,"Portland slag cement, Flyash based cement, Calcined clay based cement"
Which Indian Standard specifies the recommendations for warning signs for asbestos products?,IS 12081 (Part 2): 1987
How is the thickness of sheets measured?,Using a dial thickness gauge with a flat anvil and measuring along the width at specified points
What is the maximum allowable deviation for the depth of corrugation in corrugated sheets?,As per the limits specified in Table 1 of the text
What is the purpose of the optional test for impermeability?,To ensure that the sheets do not allow the formation of drops of water during the specified test period
How is the load-bearing capacity of sheets tested?,By subjecting specimens to a test in accordance with IS 5913:1989
What is the tolerance for the pitch of corrugation in corrugated sheets?,As specified in Table 1 of the text
What is the purpose of the frost cracking test?,To assess the resistance of sheets to cracking and surface alteration under frost conditions
What is the significance of the average and range in determining conformity?,They help establish whether the characteristic value meets the specified requirement
What is the requirement for the overall width of semi-corrugated sheets?,As specified in Table 1 of the text
What is the purpose of marking sheets with the year and date of manufacture?,To track the age of the product and ensure compliance with production standards
What is the minimum number of sheets required to be selected for testing in a lot of 1001-1500?,7
Which clause specifies the scale of sampling for sheets?,Clause 8.1 of the text
What is the purpose of visual defects examination during inspection?,To identify any visible flaws or imperfections in the sheets
What is the requirement for the density of specimens in the optional density test?,Not less than 1.40 g/cm3
What information should be included in the manufacturer's certificate of compliance?,Confirmation that the finished products meet the requirements of the specification
"What is the criterion for conformity regarding impermeability, frost cracking, and density?",The sheets must conform to the requirements specified in section 6 of the text
How is the pitch of corrugation measured in semi-corrugated sheets?,By measuring the total length over three pitches and comparing it to the specified pitch with the tolerance provided
What is the significance of the tolerance given for pitch measurement?,It indicates the allowable variation from the specified pitch for the sheets to be considered acceptable
What is the requirement for the width of corrugated sheets?,As specified in Table 1 of the text
What is the purpose of the load-bearing capacity test?,To assess the ability of the sheets to withstand applied loads without failure
How is the conformity of a lot determined based on load-bearing capacity?,By comparing the characteristic average with the specified requirement and considering the range
What is the purpose of the semi-corrugated sheet test for deviation in corrugation depth?,To ensure uniformity and consistency in the depth of corrugations across the sheet
What is the requirement for the tolerance of the overall width of semi-corrugated sheets?,As specified in Table 1 of the text
What is the criterion for conformity regarding dimensions and visual defects?,The selected sheets must meet the requirements specified in sections 5 and 7 of the text
How are the samples selected for testing in a lot of up to 500 sheets?,At least 3 sheets are selected randomly from the lot
What is the purpose of marking sheets with the source of manufacture?,To identify the origin or manufacturer of the product for traceability and quality control purposes
What is the requirement for the load-bearing capacity of sheets during testing?,Not less than 5 N/mm width of specimen tested
How are the samples selected for testing in a lot of 1501 sheets and above?,At least 10 sheets are selected randomly from the lot
What is the purpose of the load-bearing capacity test for sheets?,To evaluate the ability of the sheets to withstand applied loads without experiencing failure or deformation
"What is the criterion for conformity regarding dimensions, visual defects, and impermeability?","The sheets must conform to the requirements specified in sections 5, 7, and 6 respectively of the text"
What is the tolerance for the thickness measurement of sheets?,Â±0.1 mm
